IAN,IPV,IAA,IPS,IPP
10.0,7.75,8500020000000000.0,7.5,59375.0
10.0,8111113333333330.0,791667.0,7.5,8125.0
5.0,7.75,8000020000000000.0,6875.0,71875.0
10.0,8166665.0,750002.0,7.5,84375.0
10.0,7916665.0,8000020000000000.0,6875.0,84375.0
5.0,7.25,8500020000000000.0,7.5,8125.0
5.0,7.75,9500020000000000.0,7.5,65625.0
5.0,7944446666666660.0,958335.0,7.5,7083333333333330.0
10.0,6277773333333330.0,666667.0,7.5,7083333333333330.0
5.0,7944443333333330.0,8500020000000000.0,6875.0,8125.0
5.0,829167.0,875001.0,6.25,765625.0
5.0,7.75,8000020000000000.0,7.5,7.5
10.0,804167.0,7.5,7.5,796875.0
10.0,7916665.0,9000020000000000.0,7.5,6.25
5.0,7.75,8500020000000000.0,7.5,78125.0
10.0,7583335.0,9500020000000000.0,7.5,7.5
10.0,7416665.0,9500020000000000.0,7.5,8125.0
10.0,75833325.0,833334.0,6.25,7.5
10.0,6444439999999990.0,875001.0,7.5,7291666666666660.0
5.0,8124995.0,7.5,6875.0,84375.0
5.0,7333333333333330.0,9000020000000000.0,7.5,6875.0
5.0,8.0,9000020000000000.0,7.5,71875.0
10.0,658333.0,891668.0,10.0,7.5
5.0,7666665.0,9500020000000000.0,7.5,71875.0
5.0,911112.0,541667.0,7.5,8125.0
5.0,7333335.0,8500020000000000.0,7.5,6875.0
10.0,6999995.0,9000020000000000.0,10.0,7.5
5.0,57083325.0,833334.0,7.5,7.5
5.0,75000025.0,833334.0,7.5,796875.0
10.0,758333.0,9000020000000000.0,6875.0,5625.0
10.0,75000025.0,708333.0,7.5,796875.0
5.0,6791665.0,958335.0,7.5,796875.0
5.0,7.75,9500020000000000.0,7.5,84375.0
5.0,7916665.0,9000020000000000.0,4375.0,6875.0
10.0,7833333333333330.0,8000020000000000.0,7.5,7.5
10.0,7333335.0,9000020000000000.0,7.5,78125.0
10.0,766667.0,916668.0,7.5,796875.0
5.0,7.5,9500020000000000.0,7.5,7.5
5.0,78750025.0,791667.0,7.5,796875.0
5.0,7611103333333330.0,791667.0,4375.0,7708333333333330.0
5.0,7916665.0,8500020000000000.0,7.5,7.5
5.0,5111106666666660.0,916668.0,6875.0,7916666666666660.0
5.0,7916665.0,8000020000000000.0,7.5,71875.0
10.0,7416665.0,8500020000000000.0,7.5,71875.0
5.0,7333333333333330.0,9000020000000000.0,7.5,7708333333333330.0
10.0,695833.0,875001.0,7.5,828125.0
10.0,7.25,9000020000000000.0,7.5,71875.0
5.0,5444446666666660.0,7.5,4375.0,6666666666666660.0
5.0,5499996666666660.0,916668.0,7.5,8125.0
10.0,88333375.0,791667.0,7.5,7.5
5.0,7277776666666660.0,9000020000000000.0,7.5,7291666666666660.0
10.0,8333335.0,7.5,5625.0,8125.0
10.0,86250075.0,624999.0,7.5,796875.0
5.0,7916665.0,8500020000000000.0,7.5,78125.0
5.0,7777776666666660.0,9500020000000000.0,7.5,7916666666666660.0
5.0,7444443333333330.0,8000020000000000.0,5.0,7291666666666660.0
5.0,7.75,8500020000000000.0,7.5,84375.0
5.0,7.75,9500020000000000.0,7.5,71875.0
5.0,7.5,9000020000000000.0,7.5,78125.0
5.0,41250025.0,791667.0,3125.0,5625.0
10.0,7111106666666660.0,8500020000000000.0,7.5,7916666666666660.0
10.0,866667.0,708333.0,7.5,8125.0
5.0,7333333333333330.0,8000020000000000.0,5.0,7291666666666660.0
5.0,704167.0,833334.0,6875.0,765625.0
10.0,85416725.0,791667.0,7.5,8125.0
5.0,74166675.0,708333.0,7.5,796875.0
10.0,7.5,9000020000000000.0,7.5,8125.0
5.0,1000001.0,9500020000000000.0,6.25,10.0
10.0,7666665.0,9500020000000000.0,7.5,78125.0
10.0,9000005.0,8000020000000000.0,7.5,8125.0
10.0,7916665.0,9500020000000000.0,8.75,84375.0
10.0,8.25,9000020000000000.0,7.5,71875.0
10.0,8222223333333330.0,8500020000000000.0,5625.0,8125.0
5.0,60416625.0,875001.0,7.5,78125.0
5.0,7777776666666660.0,733334.0,7.5,7916666666666660.0
5.0,4611106666666660.0,875001.0,4375.0,5833333333333330.0
10.0,65833325.0,833334.0,5.0,703125.0
10.0,72916675.0,8333350000000000.0,7.5,7.5
5.0,7.75,9000020000000000.0,5.0,5625.0
5.0,6916665.0,9000020000000000.0,6.25,71875.0
5.0,7666666666666660.0,9500020000000000.0,6875.0,7083333333333330.0
10.0,7333333333333330.0,8500020000000000.0,7.5,7291666666666660.0
10.0,92916725.0,916668.0,7.5,8.75
10.0,9250005.0,791667.0,5.0,90625.0
5.0,7777783333333330.0,875001.0,6875.0,8125.0
10.0,8.0,8500020000000000.0,5625.0,84375.0
5.0,7.5,750002.0,7.5,7291666666666660.0
5.0,7444443333333330.0,791667.0,7.5,7291666666666660.0
5.0,7777773333333330.0,9500020000000000.0,5625.0,7708333333333330.0
5.0,8.0,8500020000000000.0,5.0,65625.0
5.0,77500025.0,791667.0,7.5,796875.0
10.0,7.0,9500020000000000.0,7.5,8125.0
5.0,7.75,8000020000000000.0,6875.0,71875.0
10.0,66666675.0,666667.0,4375.0,71875.0
10.0,7.75,9000020000000000.0,4375.0,46875.0
10.0,7666665.0,9000020000000000.0,7.5,7.5
5.0,838889.0,833334.0,4375.0,8125.0
5.0,6833335.0,8500020000000000.0,5.0,5.0
5.0,8277776666666660.0,8500020000000000.0,7.5,6458333333333330.0
10.0,495834.0,666667.0,4375.0,515625.0
10.0,7.75,8500020000000000.0,7.5,7.5
10.0,6749995.0,750002.0,7.5,7.5
10.0,7916665.0,741668.0,7.5,8125.0
5.0,6999995.0,9000020000000000.0,7.5,7.5
10.0,7416665.0,9000020000000000.0,7.5,7.5
10.0,63333275.0,458334.0,7.5,640625.0
5.0,720833.0,7.5,7.5,796875.0
10.0,76249975.0,791667.0,7.5,796875.0
5.0,8.0,8000020000000000.0,7.5,7.5
5.0,7444443333333330.0,9500020000000000.0,7.5,7291666666666660.0
10.0,65416625.0,833334.0,7.5,734375.0
10.0,8.5,9000020000000000.0,5625.0,53125.0
10.0,574999.0,8500020000000000.0,7.5,7.5
10.0,7.75,9000020000000000.0,7.5,71875.0
5.0,1000001.0,9500020000000000.0,7.5,10.0
5.0,6624995.0,916668.0,4375.0,796875.0
5.0,7333333333333330.0,750002.0,5.0,7708333333333330.0
10.0,7722219999999990.0,8500020000000000.0,7.5,7708333333333330.0
10.0,7666665.0,9000020000000000.0,5625.0,8125.0
10.0,7166665.0,9000020000000000.0,4375.0,5625.0
10.0,8166666666666660.0,916668.0,7.5,8125.0
10.0,741667.0,791667.0,5.0,578125.0
5.0,683333.0,9000020000000000.0,5.0,7.5
5.0,66666625.0,875001.0,5625.0,8125.0
10.0,958334.0,9000020000000000.0,7.5,96875.0
5.0,7.5,9500020000000000.0,6875.0,78125.0
5.0,7611113333333330.0,875001.0,7.5,7708333333333330.0
5.0,7222216666666660.0,9000020000000000.0,4375.0,6875.0
5.0,7222216666666660.0,8000020000000000.0,7.5,6875.0
10.0,738889.0,833334.0,7.5,7708333333333330.0
10.0,7833329999999990.0,9000020000000000.0,6875.0,7083333333333330.0
5.0,6166665.0,7.5,5.0,6.25
5.0,611111.0,7.5,7.5,8125.0
10.0,67499975.0,916668.0,4375.0,7.5
10.0,8458335.0,958335.0,7.5,796875.0
5.0,7.25,9000020000000000.0,7.5,71875.0
10.0,8333335.0,9000020000000000.0,10.0,7.5
5.0,822222.0,9000020000000000.0,6.25,7708333333333330.0
5.0,72500025.0,958335.0,7.5,765625.0
5.0,7416665.0,9000020000000000.0,7.5,71875.0
10.0,5666656666666660.0,875001.0,7.5,6666666666666660.0
5.0,7833333333333330.0,8000020000000000.0,7.5,7291666666666660.0
5.0,6055549999999990.0,958335.0,7.5,7916666666666660.0
10.0,672222.0,9500020000000000.0,6.25,5.0
5.0,733333.0,8500020000000000.0,7.5,7.5
5.0,7916665.0,9000020000000000.0,7.5,71875.0
10.0,7277776666666660.0,9500020000000000.0,7.5,7.5
5.0,72916675.0,791667.0,7.5,84375.0
10.0,7944443333333330.0,9000020000000000.0,6.25,7083333333333330.0
5.0,7.75,8500020000000000.0,7.5,8125.0
10.0,7833333333333330.0,8000020000000000.0,5625.0,5625.0
5.0,7333333333333330.0,8500020000000000.0,7.5,7291666666666660.0
5.0,7666666666666660.0,666666.0,3125.0,8125.0
10.0,7583335.0,875001.0,5.0,859375.0
5.0,758333.0,9500020000000000.0,6875.0,71875.0
5.0,7444443333333330.0,9500020000000000.0,5.0,6875.0
10.0,791667.0,875001.0,6875.0,78125.0
5.0,811111.0,9000020000000000.0,7.5,7708333333333330.0
5.0,7222216666666660.0,9500020000000000.0,6875.0,6875.0
5.0,772222.0,9500020000000000.0,7.5,7291666666666660.0
10.0,8041665.0,833334.0,6.25,78125.0
5.0,7055553333333330.0,9000020000000000.0,5.0,7.5
5.0,6944439999999990.0,9500020000000000.0,7.5,7291666666666660.0
10.0,816667.0,9500020000000000.0,5.0,7708333333333330.0
5.0,7.5,9000020000000000.0,5.0,5625.0
10.0,649999.0,9500020000000000.0,7.5,78125.0
5.0,829167.0,958335.0,6875.0,765625.0
5.0,691666.0,8500020000000000.0,7.5,71875.0
10.0,8166665.0,666666.0,7.5,765625.0
5.0,8.0,9500020000000000.0,10.0,71875.0
10.0,8208335.0,916668.0,7.5,796875.0
10.0,7166665.0,8500020000000000.0,7.5,7.5
10.0,7222219999999990.0,958335.0,5.0,8125.0
10.0,87083375.0,791667.0,7.5,765625.0
10.0,641666.0,666666.0,6875.0,796875.0
10.0,79583325.0,875001.0,7.5,796875.0
5.0,7583335.0,8500020000000000.0,7.5,71875.0
5.0,7.5,9000020000000000.0,7.5,8125.0
5.0,758333.0,9000020000000000.0,7.5,71875.0
5.0,872223.0,833334.0,7.5,7916666666666660.0
5.0,6833326666666660.0,9500020000000000.0,6875.0,7916666666666660.0
5.0,7.5,9000020000000000.0,6.25,78125.0
5.0,7.75,8500020000000000.0,7.5,8125.0
5.0,7666666666666660.0,8500020000000000.0,7.5,7291666666666660.0
10.0,62916625.0,750001.0,4375.0,796875.0
5.0,7833333333333330.0,8500020000000000.0,7.5,7.5
5.0,7916665.0,9500020000000000.0,6.25,84375.0
5.0,7249995.0,8500020000000000.0,7.5,65625.0
5.0,7333333333333330.0,891668.0,7.5,6875.0
10.0,6833326666666660.0,7.5,7.5,8125.0
10.0,71666675.0,958335.0,5.0,796875.0
5.0,7111103333333330.0,833334.0,7.5,8125.0
10.0,891667.0,9500020000000000.0,7.5,7.5
5.0,761111.0,9000020000000000.0,7.5,7.5
5.0,733333.0,958335.0,6875.0,8125.0
5.0,7833333333333330.0,750002.0,7.5,7291666666666660.0
10.0,9083335.0,9000020000000000.0,6.25,5.0
5.0,7222223333333330.0,875001.0,7.5,7916666666666660.0
10.0,72916675.0,708334.0,6875.0,796875.0
5.0,7666666666666660.0,8500020000000000.0,7.5,7291666666666660.0
5.0,7.5,841668.0,7.5,5416666666666660.0
5.0,7944443333333330.0,9000020000000000.0,6875.0,7291666666666660.0
10.0,61666675.0,624999.0,5625.0,578125.0
5.0,68333325.0,958335.0,7.5,71875.0
5.0,805555.0,633335.0,5.0,6041666666666660.0
10.0,8208337499999990.0,875001.0,7.5,796875.0
5.0,7111106666666660.0,9000020000000000.0,7.5,7.5
5.0,77916625.0,916668.0,6.25,703125.0
10.0,720833.0,916668.0,5625.0,703125.0
5.0,7944443333333330.0,9500020000000000.0,5.0,5416666666666660.0
10.0,9833345.0,9000020000000000.0,7.5,10.0
10.0,761111.0,9000020000000000.0,7.5,7291666666666660.0
5.0,8.0,8500020000000000.0,6.25,7.5
10.0,70416675.0,791667.0,7.5,765625.0
5.0,7555549999999990.0,9500020000000000.0,3125.0,6041666666666660.0
10.0,5083325.0,625001.0,4375.0,71875.0
5.0,5611113333333330.0,708334.0,7.5,6875.0
10.0,6888883333333330.0,791668.0,7.5,7083333333333330.0
5.0,841667.0,833334.0,7.5,859375.0
10.0,7277776666666660.0,750002.0,7.5,7083333333333330.0
5.0,9000005.0,9500020000000000.0,8.75,78125.0
10.0,6500005.0,9000020000000000.0,7.5,7.5
10.0,6.75,8000020000000000.0,7.5,53125.0
5.0,7722219999999990.0,8500020000000000.0,5.0,6666666666666660.0
10.0,7722219999999990.0,8500020000000000.0,7.5,6458333333333330.0
10.0,70833325.0,791667.0,7.5,734375.0
10.0,8125.0,916668.0,7.5,7.5
5.0,6916665.0,9000020000000000.0,6.25,46875.0
5.0,7833333333333330.0,9000020000000000.0,7.5,7916666666666660.0
5.0,7555549999999990.0,8500020000000000.0,7.5,7.5
10.0,7916665.0,9000020000000000.0,6.25,78125.0
5.0,858334.0,9500020000000000.0,6.25,34375.0
10.0,6375.0,7.5,5625.0,671875.0
5.0,7.75,8000020000000000.0,5.0,46875.0
5.0,7.75,9000020000000000.0,7.5,71875.0
10.0,7.75,625001.0,5625.0,703125.0
10.0,958334.0,9000020000000000.0,5.0,5.0
5.0,7.5,700002.0,6.25,7291666666666660.0
10.0,699999.0,9000020000000000.0,7.5,78125.0
5.0,8055560000000000.0,9000020000000000.0,7.5,7916666666666660.0
10.0,6222213333333330.0,9000020000000000.0,7.5,7916666666666660.0
10.0,7944443333333330.0,8500020000000000.0,7.5,7291666666666660.0
5.0,7583335.0,8500020000000000.0,7.5,84375.0
10.0,7.75,9000020000000000.0,7.5,7.5
5.0,7666663333333330.0,9000020000000000.0,7.5,7708333333333330.0
5.0,7777776666666660.0,8500020000000000.0,7.5,7291666666666660.0
10.0,8333335.0,9500020000000000.0,6.25,7.5
5.0,7.75,8500020000000000.0,7.5,71875.0
10.0,7555553333333330.0,583334.0,7.5,5624999999999990.0
10.0,6333325.0,7.5,4375.0,65625.0
10.0,7833333333333330.0,9000020000000000.0,7.5,8125.0
5.0,7.5,9000020000000000.0,4375.0,7291666666666660.0
10.0,649999.0,8000020000000000.0,4375.0,7708333333333330.0
5.0,772222.0,624999.0,6.25,7708333333333330.0
10.0,7916665.0,9000020000000000.0,5.0,6875.0
5.0,7555553333333330.0,916668.0,3125.0,7708333333333330.0
10.0,7.5,8500020000000000.0,7.5,7.5
5.0,70416675.0,541667.0,5.0,671875.0
5.0,738889.0,875001.0,7.5,8125.0
10.0,791667.0,791667.0,5625.0,796875.0
5.0,6555553333333330.0,958335.0,6875.0,8125.0
10.0,6722216666666660.0,791667.0,7.5,8125.0
10.0,7.5,791667.0,5.0,84375.0
5.0,633333.0,9000020000000000.0,7.5,4375.0
10.0,6791665.0,541666.0,7.5,796875.0
10.0,8222226666666660.0,9000020000000000.0,7.5,7916666666666660.0
10.0,624999.0,9000020000000000.0,7.5,78125.0
10.0,616666.0,916668.0,7.5,796875.0
5.0,6611106666666660.0,916668.0,7.5,7291666666666660.0
5.0,7416665.0,8000020000000000.0,5.0,71875.0
10.0,7624995.0,875001.0,7.5,7.5
10.0,66666625.0,916668.0,7.5,796875.0
5.0,7916665.0,8500020000000000.0,7.5,8125.0
5.0,683333.0,7.5,7.5,71875.0
5.0,5611103333333330.0,958335.0,7.5,7916666666666660.0
5.0,7166665.0,9000020000000000.0,4375.0,8125.0
5.0,7333325.0,683334.0,7.5,71875.0
10.0,76250025.0,916668.0,7.5,796875.0
5.0,8111106666666660.0,9500020000000000.0,4375.0,6875.0
10.0,8083335.0,8000020000000000.0,7.5,7.5
10.0,8.0,8000020000000000.0,7.5,71875.0
5.0,7944443333333330.0,791668.0,5625.0,7916666666666660.0
5.0,7222216666666660.0,8500020000000000.0,5.0,7291666666666660.0
5.0,7444443333333330.0,9500020000000000.0,6.25,6875.0
10.0,6222216666666660.0,8000020000000000.0,7.5,6666666666666660.0
10.0,6944439999999990.0,958335.0,7.5,7708333333333330.0
5.0,6916655.0,9000020000000000.0,7.5,65625.0
10.0,75833325.0,708333.0,5625.0,6875.0
5.0,758333.0,9500020000000000.0,6875.0,71875.0
10.0,7.25,916668.0,7.5,796875.0
5.0,6888886666666660.0,9000020000000000.0,7.5,7083333333333330.0
5.0,9250005.0,9000020000000000.0,6875.0,8125.0
5.0,8.0,9500020000000000.0,6875.0,7083333333333330.0
10.0,7.25,9000020000000000.0,7.5,71875.0
5.0,7944446666666660.0,9000020000000000.0,4375.0,7.5
5.0,7555549999999990.0,9000020000000000.0,7.5,6.25
5.0,7916665.0,8000020000000000.0,7.5,7.5
10.0,811111.0,8500020000000000.0,7.5,7916666666666660.0
5.0,7.5,9000020000000000.0,7.5,84375.0
5.0,7944443333333330.0,9500020000000000.0,7.5,7291666666666660.0
5.0,7.75,8000020000000000.0,7.5,8125.0
10.0,7916665.0,9000020000000000.0,7.5,8125.0
10.0,66666625.0,958335.0,7.5,796875.0
10.0,7333333333333330.0,9500020000000000.0,7.5,7916666666666660.0
5.0,7.5,741668.0,6875.0,6875.0
5.0,8.0,9500020000000000.0,7.5,78125.0
5.0,6749995.0,958335.0,3125.0,78125.0
10.0,98333425.0,791667.0,7.5,859375.0
10.0,7444446666666660.0,875001.0,7.5,7500000000000000.0
10.0,8833335.0,8500020000000000.0,4375.0,59375.0
5.0,7055549999999990.0,9500020000000000.0,5.0,6875.0
10.0,7833333333333330.0,8500020000000000.0,7.5,7708333333333330.0
10.0,5374995.0,875001.0,7.5,765625.0
5.0,699999.0,9000020000000000.0,7.5,78125.0
5.0,7.5,8000020000000000.0,6.25,78125.0
5.0,7777776666666660.0,9500020000000000.0,7.5,7916666666666660.0
10.0,8000003333333330.0,958335.0,4375.0,7083333333333330.0
5.0,7666665.0,9500020000000000.0,6.25,6875.0
10.0,6222216666666660.0,916668.0,5.0,7083333333333330.0
10.0,7.75,8500020000000000.0,7.5,78125.0
5.0,7444443333333330.0,8500020000000000.0,7.5,7916666666666660.0
10.0,929167.0,916668.0,7.5,7.5
5.0,6833333333333330.0,791667.0,7.5,7083333333333330.0
10.0,8.0,9500020000000000.0,4375.0,7916666666666660.0
10.0,4666663333333330.0,916668.0,4375.0,6666666666666660.0
5.0,8.0,9500020000000000.0,7.5,8125.0
5.0,758333.0,9500020000000000.0,7.5,6875.0
10.0,7444443333333330.0,9500020000000000.0,7.5,6875.0
5.0,761111.0,9500020000000000.0,7.5,7291666666666660.0
10.0,6916665.0,916668.0,7.5,84375.0
10.0,722222.0,9000020000000000.0,6.25,7.5
5.0,699999.0,9000020000000000.0,7.5,7.5
10.0,7944443333333330.0,9500020000000000.0,6875.0,7708333333333330.0
10.0,8277776666666660.0,9000020000000000.0,7.5,7708333333333330.0
10.0,7.75,9000020000000000.0,10.0,8125.0
10.0,772222.0,833334.0,3125.0,6875.0
5.0,7944446666666660.0,916668.0,7.5,8125.0
5.0,7444443333333330.0,9000020000000000.0,7.5,7916666666666660.0
10.0,7416665.0,9000020000000000.0,5.0,71875.0
10.0,7916665.0,8000020000000000.0,7.5,8125.0
5.0,7222219999999990.0,8000020000000000.0,7.5,7.5
5.0,711111.0,8500020000000000.0,7.5,7916666666666660.0
10.0,8277776666666660.0,9000020000000000.0,7.5,7083333333333330.0
5.0,758333.0,9000020000000000.0,6875.0,71875.0
5.0,494444.0,7.5,3125.0,7708333333333330.0
10.0,90000025.0,875001.0,4375.0,890625.0
5.0,7111106666666660.0,9500020000000000.0,7.5,7916666666666660.0
5.0,9000005.0,9500020000000000.0,7.5,8125.0
10.0,8833335.0,9000020000000000.0,7.5,7.5
10.0,7944446666666660.0,8000020000000000.0,7.5,8125.0
5.0,7166663333333330.0,9500020000000000.0,7.5,7.5
5.0,6833326666666660.0,841668.0,6875.0,6458333333333330.0
10.0,779167.0,875001.0,7.5,796875.0
10.0,5611103333333330.0,7.5,7.5,7916666666666660.0
10.0,772222.0,916668.0,7.5,7.5
5.0,7555549999999990.0,9500020000000000.0,6875.0,7916666666666660.0
5.0,7.5,8500020000000000.0,7.5,8125.0
5.0,566666.0,8500020000000000.0,7.5,5.0
10.0,683333.0,9500020000000000.0,7.5,6875.0
5.0,7666666666666660.0,9000020000000000.0,7.5,7291666666666660.0
5.0,42916675.0,833334.0,3125.0,609375.0
10.0,741667.0,9000020000000000.0,4375.0,6875.0
5.0,7375.0,916668.0,7.5,796875.0
10.0,7222219999999990.0,750002.0,7.5,7708333333333330.0
5.0,1000001.0,9500020000000000.0,7.5,10.0
5.0,7166663333333330.0,700002.0,7.5,7083333333333330.0
5.0,7.75,9000020000000000.0,7.5,78125.0
10.0,7.5,958335.0,7.5,796875.0
5.0,8583335.0,791668.0,4375.0,46875.0
5.0,7.75,750002.0,7.5,71875.0
5.0,8.0,9500020000000000.0,7.5,8125.0
10.0,79166675.0,791667.0,6.25,7.5
5.0,933334.0,8000020000000000.0,7.5,5.0
10.0,97083425.0,916668.0,10.0,9375.0
10.0,7222216666666660.0,9000020000000000.0,5.0,7708333333333330.0
10.0,6541665.0,958335.0,6.25,734375.0
5.0,820834.0,7.5,6.25,78125.0
10.0,68333325.0,958335.0,7.5,796875.0
10.0,76250025.0,958335.0,5.0,78125.0
5.0,7499996666666660.0,691668.0,7.5,7708333333333330.0
5.0,7.5,8500020000000000.0,7.5,78125.0
5.0,670833.0,7.5,6.25,71875.0
5.0,5777770000000000.0,916668.0,6875.0,8125.0
10.0,761111.0,9500020000000000.0,7.5,7916666666666660.0
10.0,6916665.0,833334.0,7.5,78125.0
5.0,7.5,8000020000000000.0,7.5,7.5
5.0,5277776666666660.0,9500020000000000.0,5.0,6.25
10.0,8.0,9500020000000000.0,6.25,8125.0
10.0,7.25,8000020000000000.0,7.5,71875.0
5.0,7.25,9500020000000000.0,7.5,71875.0
10.0,88333375.0,708333.0,6875.0,828125.0
5.0,7277776666666660.0,8500020000000000.0,7.5,7916666666666660.0
5.0,758333.0,8000020000000000.0,6875.0,71875.0
5.0,7888886666666660.0,9000020000000000.0,7.5,8125.0
10.0,5.75,791667.0,7.5,703125.0
10.0,6777776666666660.0,8500020000000000.0,6875.0,6875.0
10.0,6333335.0,791667.0,4375.0,765625.0
10.0,7222219999999990.0,9000020000000000.0,7.5,7083333333333330.0
10.0,7.75,8500020000000000.0,7.5,84375.0
10.0,82500025.0,875001.0,6.25,84375.0
5.0,7611106666666660.0,9000020000000000.0,5.0,7083333333333330.0
10.0,9000005.0,700002.0,7.5,8125.0
10.0,937501.0,833334.0,4375.0,9375.0
10.0,7374995.0,916668.0,6875.0,734375.0
5.0,877778.0,8500020000000000.0,7.5,8.75
10.0,6833329999999990.0,691668.0,7.5,7916666666666660.0
10.0,7222216666666660.0,9500020000000000.0,5625.0,5208333333333330.0
10.0,7375.0,624999.0,7.5,84375.0
5.0,7249995.0,9500020000000000.0,7.5,71875.0
10.0,7.75,9500020000000000.0,7.5,8125.0
10.0,9125005.0,916668.0,6.25,859375.0
10.0,794444.0,666666.0,7.5,8125.0
5.0,77916675.0,916668.0,10.0,765625.0
5.0,7.0,8500020000000000.0,6875.0,78125.0
5.0,8222226666666660.0,791667.0,7.5,7916666666666660.0
5.0,7333333333333330.0,9500020000000000.0,7.5,7291666666666660.0
10.0,52916625.0,791667.0,3125.0,640625.0
5.0,8055560000000000.0,833334.0,7.5,8125.0
5.0,822222.0,8500020000000000.0,5.0,7291666666666660.0
10.0,7888886666666660.0,8500020000000000.0,7.5,7708333333333330.0
5.0,6555550000000000.0,875001.0,7.5,7708333333333330.0
10.0,699999.0,9000020000000000.0,7.5,78125.0
5.0,6666663333333330.0,8500020000000000.0,7.5,6666666666666660.0
10.0,50833275.0,791667.0,5.0,6.25
5.0,7.25,8500020000000000.0,5625.0,59375.0
5.0,77916675.0,791667.0,6875.0,7.5
10.0,6583335.0,9500020000000000.0,7.5,7.5
10.0,8583335.0,791667.0,7.5,828125.0
5.0,6944439999999990.0,8000020000000000.0,7.5,7083333333333330.0
5.0,8.5,9000020000000000.0,4375.0,5.0
10.0,80416725.0,7.5,7.5,8125.0
5.0,5666660000000000.0,833334.0,5.0,7.5
5.0,7750005.0,9500020000000000.0,7.5,7.5
5.0,7.5,641668.0,6875.0,7291666666666660.0
5.0,8.0,9000020000000000.0,4375.0,7916666666666660.0
5.0,7.5,9000020000000000.0,7.5,7708333333333330.0
5.0,6583325.0,691668.0,5.0,65625.0
10.0,866667.0,9500020000000000.0,7.5,8125.0
5.0,5777770000000000.0,833334.0,7.5,8125.0
5.0,9000005.0,9500020000000000.0,7.5,8125.0
10.0,92083425.0,875001.0,6875.0,8125.0
10.0,6583325.0,8000020000000000.0,5.0,6.25
10.0,6333335.0,916668.0,6875.0,734375.0
5.0,8.1,7.5,6.9,7.7
10.0,7.2,7.1,6.3,7.3
10.0,7.4,7.4,7.5,8.5
10.0,8.5,8.8,7.5,8.0
10.0,9.7,9.0,6.3,7.7
5.0,8.8,9.5,7.5,8.4
5.0,8.3,9.0,7.5,7.7
10.0,9.9,8.3,7.5,9.4
5.0,7.9,9.6,7.5,7.5
5.0,8.7,6.9,7.5,7.7
5.0,9.4,9.2,7.5,8.4
5.0,8.0,9.2,7.5,8.3
10.0,6.0,10.0,7.5,7.2
10.0,8.4,8.5,7.5,8.1
5.0,5.8,8.5,7.5,7.5
10.0,8.6,9.0,7.5,7.7
10.0,5.8,7.5,7.5,7.3
5.0,9.2,9.6,8.1,8.1
5.0,7.2,8.8,5.6,7.8
10.0,7.0,8.3,6.3,7.7
5.0,7.7,7.9,6.9,7.2
5.0,6.2,8.5,7.5,8.1
5.0,10.0,10.0,7.5,8.1
5.0,7.7,8.0,7.5,8.5
5.0,6.1,7.4,7.5,8.3
10.0,9.7,10.0,7.5,8.8
10.0,9.2,10.0,7.5,7.5
5.0,8.1,9.5,7.5,7.5
5.0,5.6,8.9,7.5,7.3
10.0,7.7,7.9,7.5,8.1
5.0,9.1,9.5,6.3,8.1
5.0,7.0,7.1,7.5,7.2
10.0,5.9,8.0,7.5,6.6
5.0,6.0,8.0,7.5,7.5
5.0,7.5,9.2,7.5,7.5
5.0,7.8,6.3,7.5,7.9
10.0,8.6,9.5,6.3,7.9
10.0,6.8,9.0,7.5,7.2
5.0,10.0,10.0,7.5,8.3
5.0,8.2,7.5,7.5,8.4
5.0,7.4,8.3,7.5,8.4
5.0,6.9,9.2,6.9,7.7
5.0,6.6,9.5,7.5,8.1
10.0,7.6,8.5,7.5,8.3
10.0,8.2,8.5,7.5,7.5
5.0,6.8,8.5,7.5,7.5
10.0,9.7,9.0,7.5,8.1
10.0,7.2,6.3,7.5,7.9
5.0,7.3,9.0,7.5,7.2
5.0,6.9,10.0,7.5,7.5
5.0,8.4,9.5,7.5,7.7
5.0,7.3,9.5,6.3,6.9
5.0,6.2,8.0,7.5,5.0
10.0,6.8,7.9,6.3,7.5
10.0,9.4,8.8,6.9,8.3
5.0,10.0,9.5,8.1,10.0
10.0,9.8,8.8,7.5,8.3
10.0,9.0,10.0,7.5,8.0
5.0,6.3,9.5,7.5,8.1
10.0,8.8,7.5,6.3,8.3
5.0,6.1,8.3,6.9,6.9
5.0,9.3,9.0,7.5,8.1
5.0,6.8,8.5,7.5,7.5
10.0,6.7,9.5,7.5,7.5
5.0,7.7,10.0,7.5,8.3
5.0,8.3,10.0,7.5,7.5
5.0,9.0,8.8,7.5,8.3
5.0,7.5,9.6,5.0,7.7
5.0,5.7,7.5,5.0,6.7
10.0,6.3,9.0,7.5,6.9
10.0,8.0,8.5,7.5,7.5
10.0,7.8,8.0,7.5,7.2
5.0,7.8,7.1,7.5,8.1
5.0,9.6,9.2,5.6,7.9
10.0,8.6,8.3,7.5,8.1
5.0,8.0,7.0,7.5,7.5
5.0,9.2,8.5,7.5,8.1
10.0,8.9,9.6,7.5,8.8
5.0,8.4,8.5,7.5,8.1
10.0,9.7,9.5,7.5,8.1
10.0,6.7,8.3,6.9,7.5
5.0,7.3,8.5,7.5,6.9
10.0,7.5,9.2,6.9,8.0
5.0,8.2,8.3,7.5,8.3
10.0,8.1,9.2,5.6,7.3
10.0,8.4,8.8,7.5,7.3
5.0,6.8,8.5,7.5,7.1
10.0,6.8,8.5,7.5,7.5
5.0,7.7,9.0,5.6,8.5
5.0,9.7,10.0,7.5,8.1
5.0,5.8,8.5,7.5,7.5
10.0,8.4,9.0,7.5,8.5
5.0,6.6,10.0,7.5,7.2
5.0,7.8,9.5,7.5,7.5
10.0,7.7,9.2,7.5,7.8
10.0,7.5,7.9,7.5,8.0
10.0,8.0,9.0,6.3,7.5
5.0,8.6,9.2,6.3,8.3
10.0,5.5,9.6,7.5,7.7
5.0,6.9,7.1,7.5,7.7
5.0,6.4,8.8,6.3,6.9
5.0,7.8,9.5,7.5,8.5
5.0,9.0,9.2,7.5,8.8
5.0,9.5,8.8,7.5,8.8
10.0,8.7,8.3,7.5,7.3
10.0,10.0,9.5,7.5,8.4
5.0,5.3,9.0,7.5,7.5
10.0,7.4,9.5,7.5,7.3
10.0,8.4,9.0,7.5,8.5
10.0,7.0,8.5,7.5,7.5
5.0,8.3,7.9,5.6,7.5
10.0,6.3,9.0,7.5,6.6
5.0,8.4,9.5,5.0,8.1
10.0,9.8,8.8,7.5,8.6
5.0,8.0,7.5,6.9,7.3
10.0,8.3,8.3,5.6,8.3
10.0,8.6,8.3,6.9,8.3
10.0,9.8,9.0,7.5,8.4
5.0,9.8,9.0,7.5,8.3
5.0,6.9,9.0,6.3,7.5
5.0,8.5,7.5,7.5,8.8
5.0,9.2,8.8,7.5,8.5
5.0,9.1,8.8,7.5,8.3
5.0,8.4,8.5,7.5,7.5
5.0,7.2,8.3,6.9,8.0
10.0,7.3,9.5,7.5,7.7
5.0,7.5,10.0,7.5,7.7
10.0,5.7,7.5,7.5,7.2
10.0,6.6,8.3,7.5,7.3
5.0,9.1,8.0,7.5,8.5
10.0,8.7,10.0,7.5,7.8
10.0,7.9,9.2,5.0,6.9
10.0,6.5,7.9,7.5,7.0
5.0,8.9,7.9,6.3,9.0
5.0,7.4,8.0,7.5,7.5
10.0,7.9,9.6,7.5,8.1
10.0,8.9,9.5,7.5,7.5
10.0,7.9,8.8,5.6,7.5
5.0,6.6,9.5,6.3,7.8
5.0,7.8,9.5,7.5,7.2
5.0,9.1,8.5,8.8,8.1
5.0,6.4,8.8,7.5,7.3
5.0,5.9,7.9,5.0,7.3
5.0,7.7,9.5,7.5,7.5
5.0,8.9,8.3,6.3,9.4
5.0,7.4,9.0,7.5,8.1
5.0,6.7,7.1,6.9,7.2
5.0,8.7,7.9,7.5,7.7
10.0,8.5,9.2,7.5,7.9
10.0,8.3,8.8,7.5,8.9
10.0,7.8,8.5,7.5,7.5
5.0,5.4,9.0,6.9,7.5
10.0,9.4,8.3,7.5,9.2
10.0,8.9,9.0,8.8,8.8
5.0,6.9,9.2,7.5,7.7
5.0,7.7,9.0,7.5,8.4
5.0,6.1,9.0,7.5,7.3
5.0,6.9,9.2,7.5,7.1
5.0,8.4,9.5,7.5,8.5
10.0,6.6,8.5,7.5,7.7
5.0,6.1,9.2,7.5,7.5
5.0,7.7,8.3,7.5,8.1
5.0,8.0,9.0,6.3,8.1
5.0,6.8,8.5,7.5,7.5
5.0,8.1,9.5,7.5,8.1
5.0,8.7,9.5,5.0,7.9
10.0,8.1,9.2,7.5,7.5
10.0,8.6,8.5,7.5,8.5
5.0,8.3,7.1,7.5,8.1
5.0,7.7,8.5,7.5,8.3
5.0,8.3,7.0,7.5,8.1
10.0,7.2,8.5,7.5,7.3
10.0,8.2,9.6,7.5,8.8
5.0,8.6,8.5,7.5,7.8
10.0,7.0,7.0,7.5,7.7
10.0,7.2,9.0,7.5,7.1
5.0,9.8,10.0,7.5,9.8
5.0,8.1,9.5,5.0,7.9
5.0,7.4,7.1,7.5,7.3
5.0,8.3,10.0,7.5,7.8
5.0,5.5,8.3,7.5,7.1
5.0,7.0,8.8,6.9,7.3
5.0,9.6,9.5,7.5,8.8
10.0,7.7,9.6,7.5,8.3
5.0,8.2,9.0,7.5,8.1
5.0,8.8,9.0,7.5,7.5
10.0,7.6,9.2,5.6,8.1
10.0,7.5,10.0,7.5,8.8
5.0,8.4,9.5,7.5,7.5
10.0,5.3,9.6,5.0,7.2
5.0,7.8,7.5,7.5,7.5
5.0,9.5,8.3,7.5,8.8
5.0,8.4,8.5,7.5,7.7
10.0,7.7,9.6,7.5,8.1
10.0,8.9,7.9,5.6,9.0
10.0,8.7,9.5,7.5,8.5
5.0,7.1,8.5,7.5,7.5
10.0,7.3,7.9,7.5,6.9
5.0,9.6,9.5,7.5,8.8
5.0,7.3,8.5,7.5,7.7
5.0,8.7,9.2,7.5,8.6
5.0,8.6,8.0,7.5,8.1
5.0,7.5,8.8,7.5,7.8
5.0,5.9,9.0,5.0,5.2
5.0,6.2,8.5,7.5,7.5
10.0,8.0,9.2,7.5,8.1
5.0,8.3,8.0,7.5,7.8
5.0,7.7,9.0,6.3,8.1
5.0,7.1,7.5,6.3,8.0
10.0,9.5,9.5,7.5,7.8
5.0,9.3,10.0,7.5,7.2
10.0,8.8,7.4,8.1,8.5
5.0,8.9,9.0,6.9,8.1
10.0,7.1,9.5,7.5,8.1
10.0,8.1,7.5,7.5,8.8
5.0,9.7,9.5,7.5,8.1
10.0,9.6,10.0,7.5,8.1
10.0,7.6,8.8,7.5,8.4
10.0,7.3,8.0,7.5,7.2
10.0,8.7,10.0,7.5,7.5
5.0,7.9,6.7,7.5,7.7
10.0,10.0,7.5,7.5,8.4
5.0,7.8,8.8,7.5,8.0
10.0,9.0,8.5,7.5,7.2
10.0,8.2,8.5,7.5,7.5
5.0,7.9,6.7,7.5,7.7
5.0,8.9,9.0,7.5,8.1
5.0,8.9,8.5,7.5,8.1
10.0,8.9,10.0,7.5,8.8
5.0,8.3,7.4,7.5,8.1
5.0,8.4,9.5,7.5,7.9
10.0,9.8,9.5,7.5,7.8
5.0,6.9,10.0,7.5,8.1
5.0,8.5,7.1,5.0,7.7
5.0,7.5,8.8,7.5,8.4
10.0,8.7,9.0,7.5,7.5
10.0,9.7,9.0,7.5,8.1
10.0,7.2,7.9,7.5,7.7
5.0,8.0,8.0,7.5,7.5
5.0,8.4,9.0,7.5,7.5
5.0,6.5,9.0,7.5,7.5
5.0,7.7,8.5,6.9,7.5
5.0,8.2,8.5,6.3,6.9
10.0,9.7,10.0,5.0,8.5
5.0,6.2,10.0,7.5,7.5
5.0,7.8,9.0,7.5,7.7
10.0,7.0,9.0,7.5,7.5
5.0,10.0,9.5,7.5,9.0
5.0,6.2,9.5,7.5,7.8
5.0,9.9,10.0,7.5,8.8
10.0,6.8,8.0,7.5,7.5
5.0,9.2,7.9,7.5,9.2
5.0,8.5,9.0,6.3,8.3
5.0,6.6,9.5,7.5,7.7
5.0,7.5,8.5,6.9,7.3
5.0,9.1,8.0,7.5,8.1
5.0,7.1,8.5,6.3,7.2
5.0,7.5,9.5,7.5,7.5
5.0,5.3,6.7,7.5,7.3
5.0,7.3,8.3,5.6,7.8
5.0,8.3,8.5,7.5,7.5
5.0,8.3,8.5,7.5,7.5
10.0,8.7,9.5,7.5,7.8
5.0,9.3,10.0,7.5,7.5
5.0,7.9,7.9,5.6,8.1
5.0,6.8,9.5,7.5,7.5
5.0,7.9,9.2,7.5,7.5
5.0,7.8,10.0,7.5,7.7
5.0,7.2,9.0,7.5,8.3
5.0,8.4,8.5,7.5,8.5
10.0,8.4,9.5,7.5,8.3
10.0,7.1,8.5,7.5,7.5
5.0,5.3,8.8,7.5,7.1
5.0,5.5,9.5,5.6,6.7
5.0,9.2,10.0,7.5,8.1
10.0,5.7,8.4,7.5,7.2
5.0,5.4,6.7,7.5,7.5
5.0,5.3,8.3,5.0,7.3
10.0,7.7,7.9,7.5,8.1
10.0,7.3,8.8,6.3,7.7
5.0,8.1,9.0,7.5,8.5
10.0,7.9,9.2,6.3,7.5
5.0,9.2,9.2,8.8,8.1
5.0,7.6,9.0,7.5,7.5
10.0,7.3,8.8,7.5,8.0
10.0,7.5,7.5,7.5,7.7
10.0,8.7,10.0,5.0,7.9
10.0,9.4,9.0,8.8,8.5
10.0,9.3,8.8,7.5,9.2
5.0,8.3,10.0,7.5,7.8
5.0,6.8,6.3,7.5,7.5
10.0,7.0,7.1,6.9,7.8
5.0,8.3,8.5,7.5,8.3
10.0,7.5,8.0,7.5,7.8
5.0,8.5,7.5,7.5,7.9
5.0,8.4,9.2,7.5,7.8
5.0,8.9,8.3,6.3,8.1
10.0,8.9,9.6,7.5,7.7
5.0,9.8,9.5,7.5,9.8
10.0,9.6,9.5,7.5,8.1
5.0,5.4,7.9,7.5,6.9
5.0,8.3,7.5,7.5,8.3
5.0,9.7,9.5,8.8,8.5
10.0,9.3,10.0,7.5,8.8
5.0,5.8,6.3,5.0,7.5
5.0,6.8,8.0,7.5,7.3
5.0,7.7,9.2,7.5,7.5
10.0,9.4,9.5,7.5,8.8
5.0,7.5,8.5,7.5,8.8
10.0,6.9,8.5,7.5,8.1
10.0,9.8,10.0,5.0,9.0
5.0,6.5,10.0,7.5,7.2
5.0,7.3,8.0,7.5,7.5
5.0,8.3,10.0,7.5,7.5
10.0,7.8,9.0,7.5,7.7
5.0,7.6,7.9,7.5,7.9
10.0,7.3,8.0,7.5,7.5
10.0,8.7,8.8,7.5,8.6
10.0,9.7,9.5,7.5,8.1
10.0,8.1,8.5,7.5,7.9
5.0,9.1,9.0,7.5,8.1
5.0,8.2,9.0,7.5,7.5
5.0,7.7,9.2,7.5,8.1
10.0,7.2,10.0,7.5,7.3
10.0,8.8,10.0,7.5,8.8
5.0,8.3,9.5,7.5,7.7
5.0,5.7,6.7,6.9,7.3
5.0,6.5,7.1,5.6,6.9
5.0,6.8,8.5,7.5,8.1
10.0,7.6,7.5,8.1,7.9
10.0,9.3,9.2,7.5,8.1
5.0,9.2,9.5,7.5,8.1
5.0,7.1,8.0,7.5,7.9
10.0,9.4,9.5,7.5,7.7
5.0,8.4,8.8,7.5,8.3
5.0,7.9,9.2,7.5,7.7
5.0,9.1,9.0,7.5,8.1
5.0,9.7,9.5,7.5,8.1
10.0,9.0,8.5,7.5,7.7
10.0,7.9,9.0,7.5,7.8
5.0,7.5,8.5,7.5,7.5
5.0,6.8,10.0,7.5,7.9
10.0,6.1,7.1,6.9,7.2
5.0,8.8,8.0,7.5,8.4
5.0,8.5,7.4,7.5,8.1
5.0,8.5,9.0,7.5,5.6
10.0,8.8,10.0,7.5,8.1
10.0,8.3,9.5,7.5,7.8
5.0,8.8,8.5,7.5,7.5
10.0,5.4,10.0,7.5,7.2
5.0,7.6,7.0,5.6,8.3
10.0,9.0,8.0,7.5,7.5
5.0,6.6,8.5,7.5,7.8
10.0,9.7,9.0,7.5,8.1
10.0,7.2,9.2,7.5,7.5
5.0,6.6,9.5,7.5,7.5
10.0,9.9,9.6,7.5,7.7
5.0,7.2,9.5,7.5,7.3
5.0,6.7,8.8,7.5,7.5
5.0,7.0,6.7,5.0,7.5
10.0,9.3,8.3,7.5,9.2
10.0,6.8,7.5,7.5,7.8
10.0,8.5,8.5,6.3,8.5
5.0,8.1,9.0,5.0,7.5
5.0,8.8,7.4,7.5,8.1
5.0,9.3,10.0,7.5,8.0
5.0,8.2,8.5,6.9,8.3
10.0,6.9,10.0,7.5,7.1
10.0,8.4,10.0,7.5,8.1
5.0,7.0,8.8,6.3,7.9
5.0,7.1,8.5,7.5,7.9
5.0,8.6,8.8,7.5,8.3
10.0,8.1,7.9,7.5,7.5
5.0,8.1,8.5,7.5,8.1
5.0,7.8,8.3,7.5,7.5
5.0,7.6,8.3,7.5,8.0
10.0,7.6,9.0,7.5,7.5
10.0,7.9,7.5,7.5,8.1
5.0,8.3,7.1,6.9,8.1
5.0,9.4,9.0,7.5,8.1
10.0,7.9,9.5,6.3,7.7
5.0,8.8,7.0,7.5,8.1
10.0,8.2,8.8,7.5,7.5
5.0,9.9,9.5,7.5,8.8
5.0,9.6,9.5,7.5,8.1
5.0,6.8,6.3,6.3,6.9
10.0,9.8,7.9,7.5,8.5
10.0,8.6,9.0,7.5,7.2
10.0,7.7,9.0,7.5,7.9
5.0,8.3,9.5,7.5,7.5
5.0,7.9,8.0,7.5,7.7
10.0,6.2,9.0,7.5,7.3
10.0,9.5,8.5,5.0,7.9
10.0,10.0,9.5,7.5,8.4
5.0,8.1,8.8,7.5,7.7
5.0,6.3,10.0,6.9,7.8
5.0,8.1,8.0,7.5,7.5
5.0,7.7,9.0,7.5,8.1
5.0,8.7,9.0,7.5,8.1
10.0,9.1,9.6,7.5,7.9
5.0,8.3,9.0,7.5,7.5
10.0,9.2,8.8,7.5,7.9
10.0,7.9,9.0,7.5,7.7
5.0,9.2,9.0,7.5,7.5
10.0,6.2,9.6,7.5,7.1
5.0,7.8,8.4,7.5,7.5
10.0,9.7,9.0,7.5,9.2
10.0,9.0,9.5,7.5,7.5
5.0,8.3,10.0,7.5,8.5
5.0,9.0,8.0,7.5,8.3
5.0,9.6,9.5,6.9,8.8
10.0,7.8,9.5,7.5,7.5
10.0,8.8,9.0,7.5,7.5
5.0,8.1,7.9,7.5,8.5
10.0,9.5,10.0,7.5,7.5
10.0,7.6,7.5,5.0,7.7
10.0,9.0,8.3,7.5,8.3
5.0,7.5,9.5,7.5,7.5
5.0,8.3,9.5,7.5,7.5
10.0,6.5,6.7,7.5,7.3
5.0,9.2,9.5,7.5,8.8
5.0,7.2,9.2,7.5,8.1
5.0,8.7,9.5,7.5,8.3
5.0,8.6,9.5,7.5,7.3
10.0,8.2,9.2,7.5,7.5
5.0,6.6,8.5,7.5,7.5
10.0,9.4,7.5,7.5,7.8
5.0,5.7,9.0,8.1,7.7
10.0,8.2,8.0,6.9,7.9
5.0,5.5,8.8,7.5,7.3
5.0,8.6,7.9,7.5,7.5
5.0,8.3,8.5,7.5,8.1
5.0,7.2,9.0,7.5,7.5
5.0,9.0,8.5,7.5,7.9
10.0,6.8,7.9,7.5,8.0
10.0,9.7,10.0,8.1,9.2
10.0,9.7,10.0,7.5,8.3
10.0,8.8,10.0,7.5,7.5
10.0,8.9,10.0,6.3,8.1
5.0,7.9,9.5,7.5,7.9
5.0,7.3,9.5,6.3,7.3
5.0,8.5,10.0,7.5,7.5
10.0,7.3,9.0,7.5,6.5
10.0,6.3,8.3,6.3,7.8
10.0,8.2,10.0,7.5,7.1
10.0,8.3,8.8,7.5,7.8
5.0,8.5,7.5,6.3,8.3
5.0,8.4,7.9,5.6,8.1
10.0,7.8,9.2,6.3,7.9
5.0,8.9,9.2,5.0,8.8
10.0,8.1,6.8,6.9,7.7
5.0,9.9,10.0,7.5,9.8
5.0,6.0,7.1,7.5,6.9
5.0,7.4,7.1,7.5,8.3
5.0,9.1,8.8,7.5,8.8
5.0,7.3,8.8,7.5,7.5
5.0,7.2,7.5,7.5,7.8
5.0,8.9,7.4,7.5,8.1
10.0,8.3,9.6,7.5,7.5
5.0,8.6,9.6,7.5,8.8
5.0,6.3,9.0,7.5,5.0
5.0,7.6,8.0,7.5,8.3
10.0,9.8,9.5,7.5,8.4
10.0,6.2,8.8,5.6,7.0
10.0,8.2,7.5,7.5,7.5
5.0,8.4,8.8,7.5,8.3
10.0,7.4,7.9,7.5,8.0
5.0,7.2,9.0,7.5,7.5
5.0,8.9,7.9,7.5,7.7
10.0,6.2,10.0,7.5,6.9
5.0,9.0,9.5,7.5,8.1
10.0,9.9,8.8,6.3,9.2
5.0,6.7,8.0,7.5,8.4
5.0,9.3,9.2,8.1,8.4
5.0,8.7,9.0,5.6,8.1
10.0,6.6,7.4,7.5,6.6
5.0,8.3,8.5,7.5,7.5
5.0,8.3,8.5,7.5,8.1
10.0,8.3,9.2,7.5,7.9
10.0,9.0,9.2,7.5,8.3
10.0,7.3,8.3,7.5,7.8
5.0,5.3,9.5,5.0,6.7
5.0,7.7,8.5,7.5,7.5
10.0,7.1,7.1,5.6,8.1
10.0,9.6,10.0,7.5,8.3
10.0,8.9,8.5,7.5,7.3
10.0,9.7,8.5,7.5,8.1
10.0,8.0,8.0,7.5,7.5
10.0,6.1,8.4,7.5,6.6
5.0,7.2,9.0,6.3,7.5
5.0,9.2,10.0,7.5,8.1
5.0,9.5,8.8,7.5,9.2
10.0,8.6,7.9,7.5,8.6
5.0,9.4,9.0,7.5,9.8
5.0,6.8,6.8,8.1,8.1
10.0,8.1,7.1,6.9,8.1
10.0,6.5,9.6,5.0,7.7
10.0,7.2,8.5,7.5,7.5
5.0,5.9,8.5,7.5,7.3
5.0,8.5,7.4,7.5,7.9
5.0,6.6,7.4,7.5,8.1
5.0,7.4,10.0,7.5,7.5
5.0,6.1,9.2,5.6,7.7
5.0,7.1,6.7,6.9,7.5
10.0,7.4,8.8,6.3,7.5
10.0,7.2,9.2,7.5,7.5
5.0,6.9,9.2,7.5,7.7
5.0,7.3,9.0,7.5,7.7
10.0,7.3,8.0,8.1,7.3
5.0,8.4,8.0,7.5,7.5
5.0,9.8,9.5,7.5,8.3
5.0,6.2,8.0,7.5,6.3
10.0,9.1,9.0,7.5,7.7
10.0,7.6,10.0,7.5,7.8
5.0,8.4,8.0,7.5,7.5
10.0,5.4,8.8,5.6,6.7
5.0,7.1,8.5,7.5,7.9
10.0,8.7,9.6,7.5,8.8
5.0,7.2,9.5,7.5,7.5
5.0,7.8,10.0,7.5,7.5
10.0,7.8,7.1,7.5,8.3
5.0,7.8,9.0,7.5,7.9
10.0,8.7,9.6,7.5,8.3
10.0,7.2,7.0,7.5,7.5
10.0,7.2,9.2,7.5,7.5
10.0,8.4,6.4,5.0,8.1
10.0,7.9,8.0,5.6,7.9
10.0,7.1,8.5,7.5,7.5
5.0,7.3,8.8,7.5,7.5
10.0,9.8,10.0,7.5,7.5
10.0,9.7,8.5,7.5,8.1
10.0,8.7,7.9,7.5,7.7
5.0,7.1,9.0,7.5,7.2
5.0,8.5,7.5,6.3,7.5
5.0,7916665.0,1000002.0,7.5,5625.0
5.0,8055553333333330.0,1000002.0,7.5,6.25
5.0,7833336666666660.0,641668.0,7.5,6458333333333330.0
10.0,7.5,9000020000000000.0,7.5,6.25
5.0,791667.0,1000002.0,7.5,59375.0
5.0,76250025.0,916668.0,5.0,765625.0
5.0,950001.0,8000020000000000.0,7.5,7083333333333330.0
5.0,6722219999999990.0,8500020000000000.0,6875.0,4791666666666660.0
5.0,7.5,950002.0,7.5,59375.0
5.0,8111113333333330.0,1000002.0,7.5,6666666666666660.0
10.0,8.5,1000002.0,7.5,5625.0
10.0,7166665.0,8000020000000000.0,7.5,46875.0
5.0,8333335.0,8000020000000000.0,7.5,65625.0
10.0,8249995.0,750002.0,7.5,3125.0
5.0,7083335.0,9000020000000000.0,7.5,59375.0
5.0,7111109999999990.0,9000020000000000.0,7.5,5625.0
5.0,8250005.0,1000002.0,7.5,5625.0
10.0,6666665.0,691668.0,7.5,53125.0
5.0,7.75,791667.0,7.5,734375.0
5.0,641666.0,7.5,7.5,7.5
5.0,77916675.0,583333.0,6.25,796875.0
5.0,7777779999999990.0,8500020000000000.0,7.5,6.25
5.0,720833.0,916668.0,6.25,734375.0
5.0,6777773333333330.0,7916679999999990.0,6.25,6.25
10.0,6888883333333330.0,8500020000000000.0,7.5,6041666666666660.0
5.0,7222223333333330.0,8500020000000000.0,7.5,6.25
5.0,4625.0,541667.0,6.25,5625.0
5.0,9250005.0,950002.0,7.5,65625.0
5.0,691666.0,9000020000000000.0,7.5,5625.0
5.0,7374995.0,791667.0,7.5,8125.0
5.0,7277773333333330.0,833334.0,5625.0,796875.0
5.0,738889.0,1000002.0,7.5,6.25
5.0,691666.0,950002.0,5625.0,5625.0
5.0,38333325.0,875001.0,7.5,484375.0
10.0,65416625.0,666667.0,7.5,734375.0
5.0,7916665.0,9000020000000000.0,5.0,59375.0
5.0,8.5,1000002.0,7.5,5625.0
10.0,861111.0,1000002.0,7.5,6666666666666660.0
5.0,62916575.0,833334.0,7.5,671875.0
5.0,74166675.0,791667.0,6875.0,7.5
10.0,827778.0,1000002.0,7.5,5833333333333330.0
5.0,8.25,1000002.0,8.75,5625.0
5.0,7833336666666660.0,691668.0,7.5,6666666666666660.0
10.0,720833.0,958335.0,7.5,734375.0
5.0,7.5,683334.0,5625.0,6.25
5.0,7750005.0,791667.0,7.5,6875.0
5.0,8833335.0,950002.0,5.0,5625.0
5.0,71250025.0,916668.0,5625.0,796875.0
10.0,90833375.0,958335.0,5625.0,890625.0
5.0,6888886666666660.0,5833320000000000.0,7.5,671875.0
5.0,7500003333333330.0,8500020000000000.0,7.5,6458333333333330.0
5.0,766666.0,950002.0,7.5,5625.0
10.0,558333.0,791667.0,7.5,7.5
5.0,72916625.0,791667.0,7.5,78125.0
5.0,72916625.0,875001.0,7.5,7.5
5.0,7444443333333330.0,9000020000000000.0,5.0,6.25
10.0,7416665.0,708333.0,6.25,765625.0
5.0,7833333333333330.0,7333340000000000.0,7.5,6041666666666660.0
5.0,7749995.0,950002.0,5625.0,5625.0
10.0,858333.0,1000002.0,7.5,5625.0
5.0,8083335.0,791668.0,7.5,5625.0
5.0,7666665.0,9000020000000000.0,7.5,5625.0
10.0,54166575.0,916668.0,5625.0,5625.0
5.0,7.25,950002.0,7.5,53125.0
10.0,761111.0,1000002.0,7.5,6.25
5.0,933334.0,1000002.0,7.5,65625.0
10.0,7249995.0,916668.0,6.25,734375.0
5.0,6777773333333330.0,8000020000000000.0,7.5,6458333333333330.0
10.0,7055549999999990.0,9000020000000000.0,7.5,6041666666666660.0
10.0,6888886666666660.0,9000020000000000.0,7.5,5416666666666660.0
5.0,7.5,9000020000000000.0,7.5,40625.0
5.0,6833329999999990.0,1000002.0,7.5,5625.0
5.0,7166665.0,9000020000000000.0,5625.0,5.0
5.0,7888893333333330.0,9000020000000000.0,5625.0,6875.0
10.0,695833.0,791667.0,4375.0,703125.0
5.0,7583335.0,8000020000000000.0,6875.0,53125.0
5.0,6624995.0,1000002.0,5625.0,71875.0
5.0,6833326666666660.0,9000020000000000.0,5.0,5625.0
5.0,9.0,1000002.0,7.5,5625.0
5.0,7416665.0,950002.0,5625.0,5625.0
10.0,6166660000000000.0,958335.0,7.5,7.5
5.0,841667.0,1000002.0,7.5,796875.0
5.0,7208335.0,875001.0,5.0,703125.0
5.0,8208335.0,833334.0,7.5,8125.0
5.0,8222223333333330.0,950002.0,7.5,6041666666666660.0
5.0,894445.0,1000002.0,5.0,6875.0
10.0,8125.0,833334.0,6875.0,8125.0
10.0,72499975.0,875001.0,5.0,703125.0
5.0,5999996666666660.0,349998.0,7.5,6.25
10.0,77083325.0,791667.0,5.0,7.5
5.0,649999.0,833334.0,5.0,71875.0
5.0,8583335.0,9000020000000000.0,5625.0,5625.0
5.0,761111.0,8500020000000000.0,7.5,6041666666666660.0
5.0,716666.0,950002.0,4375.0,5625.0
10.0,7333329999999990.0,8500020000000000.0,7.5,6041666666666660.0
5.0,6888883333333330.0,9000020000000000.0,6.25,6041666666666660.0
5.0,7999995.0,950002.0,5.0,5625.0
5.0,738889.0,750002.0,7.5,6041666666666660.0
5.0,683333.0,791667.0,7.5,71875.0
5.0,694444.0,641668.0,5.0,5625.0
10.0,7249995.0,833334.0,7.5,7.5
5.0,42916725.0,666666.0,5.0,515625.0
10.0,733333.0,950002.0,7.5,5625.0
10.0,7249995.0,8500020000000000.0,7.5,5625.0
5.0,7111109999999990.0,683334.0,7.5,6875.0
5.0,6000005.0,9000020000000000.0,6.25,53125.0
5.0,8333335.0,9000020000000000.0,7.5,65625.0
10.0,741666.0,950002.0,6875.0,46875.0
5.0,6388893333333330.0,950002.0,5.0,4375.0
5.0,6777773333333330.0,8500020000000000.0,7.5,6458333333333330.0
5.0,77499975.0,875001.0,5625.0,765625.0
5.0,7722223333333330.0,750002.0,7.5,6.25
5.0,695833.0,916668.0,5625.0,765625.0
5.0,7625.0,791667.0,7.5,765625.0
5.0,7944443333333330.0,833334.0,7.5,7.5
10.0,5833336666666660.0,950002.0,6875.0,6.25
5.0,7555556666666660.0,8000020000000000.0,7.5,6.25
5.0,7583335.0,8500020000000000.0,7.5,5625.0
5.0,8055556666666660.0,9000020000000000.0,7.5,6.25
5.0,5166655.0,950002.0,4375.0,28125.0
5.0,6777773333333330.0,950002.0,5625.0,3333333333333330.0
10.0,9083335.0,950002.0,7.5,65625.0
5.0,6611106666666660.0,1000002.0,7.5,6458333333333330.0
5.0,6166663333333330.0,950002.0,7.5,5833333333333330.0
5.0,47083275.0,875001.0,7.5,609375.0
5.0,7277773333333330.0,950002.0,7.5,5625.0
5.0,66666675.0,916668.0,5.0,8125.0
5.0,644444.0,1000002.0,6875.0,5625.0
5.0,583333.0,8000020000000000.0,5.0,4375.0
10.0,7916665.0,950002.0,7.5,5.0
10.0,7.5,950002.0,6.25,5.0
10.0,59999925.0,666666.0,6875.0,6875.0
10.0,7.5,8500020000000000.0,7.5,5625.0
5.0,8111106666666660.0,9000020000000000.0,7.5,6041666666666660.0
5.0,5583325.0,8500020000000000.0,5625.0,4375.0
5.0,483333.0,7916679999999990.0,5.0,4166666666666660.0
5.0,6944443333333330.0,9000020000000000.0,6875.0,6458333333333330.0
10.0,7333335.0,950002.0,7.5,53125.0
5.0,7.5,9000020000000000.0,6875.0,6041666666666660.0
5.0,616666.0,1000002.0,6875.0,46875.0
5.0,7.5,9000020000000000.0,7.5,6.25
10.0,8.0,1000002.0,6.25,46875.0
5.0,7416665.0,9000020000000000.0,7.5,53125.0
5.0,758333.0,950002.0,6875.0,5625.0
10.0,7499995.0,950002.0,7.5,5625.0
10.0,8.0,1000002.0,7.5,5625.0
10.0,733333.0,7416679999999990.0,7.5,6.25
5.0,6611106666666660.0,950002.0,7.5,6458333333333330.0
5.0,6416655.0,7916679999999990.0,4375.0,5.0
5.0,7833335.0,9000020000000000.0,7.5,6.25
10.0,6777773333333330.0,875001.0,6.25,78125.0
5.0,727778.0,1000002.0,7.5,6.25
10.0,838889.0,9000020000000000.0,5625.0,6666666666666660.0
5.0,78333325.0,916668.0,5625.0,734375.0
5.0,9.5,9000020000000000.0,6875.0,5625.0
10.0,7.5,9000020000000000.0,5.0,6.25
5.0,7555556666666660.0,8500020000000000.0,7.5,5833333333333330.0
5.0,68333275.0,833334.0,6.25,734375.0
5.0,5888883333333330.0,7.5,5.0,65625.0
5.0,772222.0,9000020000000000.0,7.5,6041666666666660.0
10.0,7708335.0,791667.0,7.5,8125.0
5.0,7388886666666660.0,8500020000000000.0,6875.0,6041666666666660.0
10.0,6777773333333330.0,9000020000000000.0,7.5,6458333333333330.0
5.0,7055553333333330.0,1000002.0,6875.0,6458333333333330.0
5.0,1000001.0,958335.0,10.0,8.75
5.0,46250025.0,708333.0,5.0,53125.0
10.0,866667.0,1000002.0,5625.0,5.0
10.0,7666666666666660.0,9000020000000000.0,7.5,6041666666666660.0
5.0,7499996666666660.0,1000002.0,7.5,6.25
10.0,7.5,1000002.0,7.5,5625.0
5.0,941667.0,1000002.0,7.5,59375.0
5.0,70833275.0,7916679999999990.0,6.25,734375.0
10.0,5999993333333330.0,541667.0,5.0,71875.0
5.0,841667.0,1000002.0,7.5,5625.0
10.0,670833.0,708333.0,5.0,734375.0
5.0,7333333333333330.0,950002.0,5.0,5416666666666660.0
5.0,7055553333333330.0,641668.0,5625.0,6.25
10.0,5055556666666660.0,666667.0,7.5,6.25
5.0,866667.0,950002.0,7.5,5625.0
10.0,8222226666666660.0,1000002.0,7.5,6875.0
5.0,6944436666666660.0,950002.0,7.5,5833333333333330.0
5.0,5833336666666660.0,691668.0,5.0,6041666666666660.0
5.0,9083335.0,8500020000000000.0,7.5,5625.0
10.0,8416665.0,8500020000000000.0,7.5,6.25
10.0,7625.0,833334.0,7.5,8125.0
10.0,8166670000000000.0,950002.0,7.5,6666666666666660.0
10.0,733333.0,1000002.0,5625.0,53125.0
5.0,7833325.0,9000020000000000.0,7.5,5625.0
5.0,6166670000000000.0,833334.0,7.5,6875.0
5.0,6777776666666660.0,9000020000000000.0,7.5,5416666666666660.0
10.0,6999995.0,1000002.0,5.0,40625.0
5.0,694444.0,8500020000000000.0,7.5,6041666666666660.0
10.0,841667.0,950002.0,7.5,5625.0
10.0,7833336666666660.0,8000020000000000.0,5.0,6458333333333330.0
5.0,73749975.0,875001.0,7.5,71875.0
5.0,6916665.0,1000002.0,4375.0,53125.0
5.0,64166575.0,916668.0,7.5,7.5
5.0,633333.0,791667.0,5.0,6875.0
10.0,79166675.0,833334.0,7.5,828125.0
10.0,595833.0,666667.0,5625.0,734375.0
10.0,8041667499999990.0,7.5,7.5,828125.0
5.0,7249995.0,1000002.0,7.5,40625.0
10.0,577778.0,7416679999999990.0,4375.0,6041666666666660.0
10.0,5277776666666660.0,875001.0,5625.0,5625.0
5.0,58749925.0,541666.0,6.25,734375.0
5.0,6499995.0,875001.0,7.5,5416666666666660.0
5.0,85833375.0,833334.0,5625.0,8125.0
5.0,6111106666666660.0,875001.0,5.0,703125.0
10.0,8.5,916668.0,5625.0,859375.0
10.0,704166.0,708333.0,5.0,765625.0
10.0,7388886666666660.0,791667.0,5625.0,828125.0
5.0,7.25,9000020000000000.0,5625.0,5625.0
5.0,791666.0,8500020000000000.0,4375.0,5625.0
5.0,479166.0,7.5,6.25,65625.0
5.0,7055553333333330.0,950002.0,7.5,5833333333333330.0
5.0,916667.0,950002.0,5625.0,5625.0
10.0,7499995.0,8500020000000000.0,5625.0,5625.0
5.0,6333329999999990.0,791667.0,7.5,71875.0
10.0,7999995.0,950002.0,5625.0,53125.0
10.0,6999995.0,8000020000000000.0,7.5,5625.0
10.0,6833326666666660.0,8500020000000000.0,7.5,5833333333333330.0
5.0,7833336666666660.0,9000020000000000.0,7.5,6.25
10.0,741666.0,9000020000000000.0,7.5,5625.0
10.0,7055549999999990.0,950002.0,7.5,6041666666666660.0
5.0,7555556666666660.0,8500020000000000.0,7.5,6.25
5.0,66249925.0,1000002.0,5625.0,7.5
10.0,6833326666666660.0,8500020000000000.0,7.5,5625.0
5.0,6999995.0,9000020000000000.0,5625.0,5625.0
5.0,68333275.0,1000002.0,7.5,7.5
5.0,855556.0,950002.0,7.5,6.25
5.0,437499.0,916668.0,5.0,4375.0
5.0,8083335.0,950002.0,7.5,5625.0
5.0,7333336666666660.0,9000020000000000.0,6.25,6666666666666660.0
5.0,66666625.0,1000002.0,7.5,703125.0
10.0,808334.0,950002.0,6875.0,5625.0
5.0,791667.0,9000020000000000.0,7.5,6.25
5.0,7.5,8000020000000000.0,7.5,6041666666666660.0
5.0,7666665.0,8000020000000000.0,7.5,53125.0
5.0,3750005.0,691668.0,5.0,3125.0
5.0,838889.0,1000002.0,6875.0,8125.0
5.0,7166663333333330.0,9000020000000000.0,7.5,6.25
5.0,7555556666666660.0,8500020000000000.0,7.5,5833333333333330.0
5.0,7222219999999990.0,791667.0,7.5,796875.0
10.0,604166.0,875001.0,5625.0,734375.0
5.0,766667.0,8000020000000000.0,7.5,6458333333333330.0
5.0,7916665.0,8000020000000000.0,7.5,5625.0
5.0,7611113333333330.0,8500020000000000.0,5625.0,6041666666666660.0
10.0,8055556666666660.0,8000020000000000.0,7.5,6458333333333330.0
5.0,5833336666666660.0,791667.0,7.5,5.0
5.0,7.5,691668.0,5625.0,6.25
10.0,7777783333333330.0,9000020000000000.0,7.5,6666666666666660.0
5.0,883334.0,9000020000000000.0,7.5,65625.0
10.0,74583325.0,916668.0,5.0,71875.0
5.0,8750005.0,8000020000000000.0,7.5,65625.0
10.0,7875.0,833334.0,5625.0,8125.0
5.0,8416665.0,8500020000000000.0,6875.0,59375.0
5.0,608333.0,9000020000000000.0,7.5,5625.0
5.0,694445.0,9000020000000000.0,7.5,6.25
5.0,6611106666666660.0,1000002.0,5.0,6458333333333330.0
5.0,741666.0,9000020000000000.0,7.5,53125.0
10.0,870834.0,958335.0,5625.0,84375.0
5.0,7333333333333330.0,8000020000000000.0,7.5,5833333333333330.0
5.0,6833329999999990.0,950002.0,7.5,6.25
5.0,524999.0,691668.0,7.5,5.0
10.0,7.5,958335.0,7.5,6458333333333330.0
10.0,5944440000000000.0,875001.0,7.5,7.5
10.0,48749975.0,958335.0,7.5,6.25
5.0,7055556666666660.0,8000020000000000.0,7.5,6041666666666660.0
5.0,7444443333333330.0,8500020000000000.0,7.5,6041666666666660.0
5.0,64583375.0,916668.0,7.5,4583333333333330.0
10.0,77083325.0,916668.0,10.0,78125.0
5.0,63749925.0,958335.0,5625.0,734375.0
5.0,7916665.0,8500020000000000.0,7.5,5625.0
5.0,841667.0,8916680000000000.0,6875.0,53125.0
5.0,883334.0,1000002.0,7.5,65625.0
5.0,61250025.0,791667.0,7.5,4583333333333330.0
5.0,7833335.0,950002.0,7.5,5625.0
10.0,8.25,8500020000000000.0,7.5,5625.0
10.0,829167.0,7.5,6.25,734375.0
5.0,7.5,8500020000000000.0,6.25,6666666666666660.0
5.0,7333330000000000.0,8500020000000000.0,7.5,5416666666666660.0
5.0,5708325.0,833334.0,7.5,6.25
5.0,755556.0,950002.0,7.5,6.25
5.0,691666.0,9000020000000000.0,7.5,5.0
5.0,6722223333333330.0,691668.0,7.5,5625.0
5.0,6833325.0,750002.0,5.0,5.0
5.0,699999.0,1000002.0,5625.0,46875.0
10.0,608333.0,833334.0,5625.0,5625.0
10.0,7.75,950002.0,7.5,5625.0
5.0,6111103333333330.0,833334.0,6875.0,734375.0
5.0,6277773333333330.0,708334.0,6.25,453125.0
10.0,8166670000000000.0,950002.0,7.5,6458333333333330.0
5.0,7055553333333330.0,8000020000000000.0,7.5,5833333333333330.0
5.0,7777780000000000.0,9000020000000000.0,7.5,6458333333333330.0
5.0,7875.0,708334.0,5.0,765625.0
5.0,5833325.0,916668.0,7.5,6875.0
5.0,56249925.0,708334.0,6.25,703125.0
5.0,7222223333333330.0,9000020000000000.0,5.0,5833333333333330.0
10.0,6999995.0,791667.0,7.5,71875.0
5.0,7.0,8500020000000000.0,7.5,5625.0
5.0,7166666666666660.0,9000020000000000.0,7.5,5833333333333330.0
10.0,7333333333333330.0,875001.0,7.5,71875.0
5.0,788889.0,9000020000000000.0,7.5,6041666666666660.0
5.0,8.5,950002.0,7.5,5625.0
5.0,7166655.0,950002.0,7.5,5625.0
10.0,6583325.0,1000002.0,7.5,53125.0
5.0,816667.0,8500020000000000.0,7.5,59375.0
5.0,8000003333333330.0,9000020000000000.0,6.25,6458333333333330.0
5.0,7555553333333330.0,1000002.0,7.5,6.25
5.0,7166665.0,950002.0,7.5,6.25
5.0,7.5,950002.0,7.5,6.25
5.0,6666665.0,741668.0,5625.0,5625.0
5.0,7.5,8500020000000000.0,5625.0,59375.0
10.0,7.5,8000020000000000.0,7.5,6.25
5.0,62916725.0,833334.0,7.5,671875.0
10.0,7166659999999990.0,9000020000000000.0,7.5,5625.0
5.0,6833325.0,950002.0,5.0,4375.0
5.0,5444436666666660.0,950002.0,5.0,3333333333333330.0
5.0,61250025.0,916668.0,7.5,6.25
5.0,6500005.0,708333.0,5625.0,5.0
10.0,7777776666666660.0,9000020000000000.0,5.0,6458333333333330.0
5.0,905556.0,1000002.0,7.5,6875.0
10.0,7333333333333330.0,8500020000000000.0,7.5,6041666666666660.0
5.0,6333325.0,950002.0,7.5,5.0
5.0,3875.0,916668.0,7.5,59375.0
10.0,7.5,916668.0,7.5,6875.0
5.0,8916665.0,9000020000000000.0,7.5,65625.0
5.0,7277776666666660.0,741668.0,7.5,6041666666666660.0
5.0,694444.0,950002.0,5.0,5833333333333330.0
5.0,7.5,9000020000000000.0,7.5,6458333333333330.0
5.0,6722219999999990.0,950002.0,7.5,6041666666666660.0
5.0,8.25,1000002.0,7.5,65625.0
10.0,86250025.0,916668.0,6.25,890625.0
5.0,544444.0,950002.0,7.5,4166666666666660.0
5.0,7888890000000000.0,950002.0,5.0,6666666666666660.0
5.0,866667.0,875001.0,6875.0,8125.0
5.0,7083325.0,8000020000000000.0,7.5,5625.0
5.0,5916665.0,9000020000000000.0,7.5,5.0
5.0,6499996666666660.0,741668.0,5.0,5625.0
5.0,7277776666666660.0,700002.0,7.5,6458333333333330.0
5.0,9416675.0,1000002.0,7.5,59375.0
10.0,8458335.0,916668.0,8.75,8.75
5.0,7166665.0,1000002.0,7.5,53125.0
5.0,7.5,950002.0,7.5,6.25
5.0,6055553333333330.0,583334.0,7.5,4375.0
5.0,741666.0,950002.0,7.5,5625.0
5.0,6944443333333330.0,9000020000000000.0,7.5,6041666666666660.0
5.0,6249995.0,9000020000000000.0,6875.0,5.0
10.0,827778.0,916668.0,5625.0,796875.0
5.0,6208325.0,7.5,7.5,734375.0
5.0,6666665.0,958335.0,7.5,828125.0
5.0,7333335.0,8500020000000000.0,6875.0,5625.0
10.0,8.25,875001.0,5.0,8.75
5.0,7166655.0,950002.0,7.5,53125.0
5.0,761111.0,8500020000000000.0,7.5,6041666666666660.0
5.0,8833335.0,1000002.0,7.5,65625.0
5.0,7222223333333330.0,1000002.0,7.5,5.0
5.0,7222223333333330.0,1000002.0,5625.0,6.25
5.0,76666675.0,833334.0,7.5,78125.0
10.0,58333275.0,916668.0,7.5,6875.0
5.0,691666.0,1000002.0,5625.0,734375.0
5.0,6999999999999990.0,8000020000000000.0,7.5,6458333333333330.0
5.0,738889.0,950002.0,7.5,5625.0
10.0,8625.0,916668.0,7.5,890625.0
5.0,5777773333333330.0,8500020000000000.0,5.0,5833333333333330.0
5.0,7.25,9000020000000000.0,7.5,5625.0
5.0,554166.0,7.5,5.0,6875.0
5.0,8277780000000000.0,950002.0,7.5,6.25
5.0,7083325.0,950002.0,7.5,5625.0
10.0,7833333333333330.0,9000020000000000.0,5.0,6041666666666660.0
5.0,7625.0,708334.0,6.25,78125.0
10.0,7944446666666660.0,875001.0,8.75,765625.0
10.0,72499975.0,833334.0,7.5,7.5
10.0,7083325.0,641668.0,5625.0,5625.0
5.0,7.5,8000020000000000.0,7.5,6.25
10.0,579166.0,833335.0,5625.0,640625.0
5.0,85000025.0,916668.0,6875.0,828125.0
10.0,76666675.0,791667.0,6875.0,734375.0
5.0,777778.0,8000020000000000.0,5625.0,5833333333333330.0
10.0,92083375.0,7.5,6.25,859375.0
10.0,7416665.0,791667.0,5625.0,6.25
5.0,7111109999999990.0,950002.0,7.5,6041666666666660.0
5.0,7499995.0,8500020000000000.0,5625.0,5625.0
10.0,49583375.0,791667.0,7.5,484375.0
5.0,64166675.0,875001.0,7.5,734375.0
10.0,6291665.0,7.5,5.0,8125.0
5.0,641666.0,7.5,7.5,6.25
10.0,7499995.0,9000020000000000.0,7.5,5625.0
10.0,6277773333333330.0,8500020000000000.0,7.5,5625.0
5.0,7499995.0,1000002.0,7.5,5625.0
5.0,6999999999999990.0,700002.0,7.5,6.25
5.0,816667.0,9000020000000000.0,7.5,6458333333333330.0
5.0,741666.0,950002.0,5625.0,46875.0
10.0,8416665.0,1000002.0,7.5,5625.0
5.0,7291665.0,791667.0,5625.0,7.5
5.0,541666.0,891668.0,7.5,34375.0
10.0,91666725.0,833334.0,7.5,828125.0
10.0,7499995.0,8000020000000000.0,7.5,46875.0
5.0,805556.0,349998.0,5.0,6.25
10.0,8291665.0,875001.0,4375.0,84375.0
5.0,59583375.0,791667.0,7.5,734375.0
5.0,708333.0,875001.0,6.25,5208333333333330.0
10.0,8250005.0,1000002.0,7.5,6041666666666660.0
10.0,7666665.0,9000020000000000.0,7.5,5625.0
5.0,6499995.0,7.5,7.5,765625.0
5.0,64583275.0,833334.0,5625.0,7.5
5.0,7111109999999990.0,950002.0,7.5,5833333333333330.0
5.0,7166665.0,8000020000000000.0,7.5,5625.0
10.0,7777780000000000.0,950002.0,7.5,6041666666666660.0
5.0,7722223333333330.0,9000020000000000.0,7.5,5833333333333330.0
5.0,661111.0,8500020000000000.0,7.5,6041666666666660.0
10.0,7916665.0,9000020000000000.0,7.5,5625.0
5.0,961112.0,950002.0,8.75,6666666666666660.0
5.0,7499995.0,700002.0,7.5,53125.0
5.0,7055556666666660.0,9000020000000000.0,7.5,5624999999999990.0
5.0,7.5,8000020000000000.0,5.0,6458333333333330.0
5.0,8083335.0,700002.0,7.5,5625.0
5.0,6833329999999990.0,700002.0,7.5,6.25
5.0,6874995.0,7.5,7.5,7.5
10.0,645833.0,833334.0,7.5,765625.0
5.0,8333335.0,9000020000000000.0,7.5,5625.0
5.0,7416665.0,8500020000000000.0,7.5,59375.0
5.0,78750025.0,708333.0,5625.0,6458333333333330.0
10.0,777778.0,9000020000000000.0,5625.0,6.25
5.0,8222226666666660.0,950002.0,8.75,6458333333333330.0
5.0,5888886666666660.0,8000020000000000.0,7.5,6.25
5.0,4916665.0,791667.0,4375.0,78125.0
10.0,591666.0,916668.0,5625.0,671875.0
10.0,8125005.0,958335.0,6.25,6458333333333330.0
5.0,5999996666666660.0,950002.0,7.5,6.25
10.0,85000025.0,1000002.0,7.5,90625.0
5.0,68749975.0,791667.0,7.5,7.5
5.0,5999993333333330.0,950002.0,5.0,6.25
5.0,7333325.0,950002.0,7.5,5.0
5.0,8166666666666660.0,1000002.0,7.5,6.25
5.0,7083325.0,9000020000000000.0,6875.0,5.0
5.0,741666.0,791668.0,4375.0,4375.0
5.0,7055553333333330.0,833334.0,5.0,671875.0
5.0,7555556666666660.0,8500020000000000.0,7.5,6.25
5.0,53749875.0,7.5,7.5,734375.0
10.0,71666625.0,791667.0,5.0,765625.0
5.0,7666666666666660.0,1000002.0,7.5,6041666666666660.0
5.0,7.5,9000020000000000.0,8.75,5625.0
5.0,883334.0,950002.0,7.5,59375.0
10.0,6777773333333330.0,9000020000000000.0,7.5,6458333333333330.0
5.0,55416575.0,875001.0,7.5,734375.0
5.0,791667.0,916668.0,7.5,6041666666666660.0
5.0,8.0,9000020000000000.0,7.5,6.25
5.0,8277776666666660.0,1000002.0,5.0,4375.0
5.0,7916665.0,950002.0,7.5,5625.0
5.0,73333325.0,958335.0,6875.0,71875.0
5.0,7666663333333330.0,8000020000000000.0,7.5,6458333333333330.0
5.0,6277776666666660.0,750002.0,7.5,6041666666666660.0
5.0,933334.0,750002.0,7.5,6875.0
5.0,6777776666666660.0,9000020000000000.0,7.5,6041666666666660.0
5.0,512499.0,708333.0,5625.0,71875.0
5.0,716666.0,950002.0,7.5,5.0
5.0,52083225.0,791667.0,7.5,703125.0
5.0,8166670000000000.0,950002.0,7.5,6875.0
5.0,7333333333333330.0,950002.0,7.5,5625.0
10.0,7166663333333330.0,950002.0,7.5,6.25
10.0,6888883333333330.0,950002.0,7.5,6.25
10.0,6499996666666660.0,9000020000000000.0,7.5,4583333333333330.0
10.0,74999975.0,833334.0,7.5,734375.0
10.0,7.5,8500020000000000.0,7.5,6.25
5.0,7666670000000000.0,8500020000000000.0,7.5,5624999999999990.0
5.0,754166.0,791667.0,7.5,765625.0
5.0,7222223333333330.0,8500020000000000.0,7.5,6041666666666660.0
5.0,7749995.0,950002.0,7.5,53125.0
10.0,8222226666666660.0,8000020000000000.0,7.5,6041666666666660.0
5.0,8416665.0,950002.0,7.5,6.25
5.0,7722223333333330.0,7916679999999990.0,5625.0,6458333333333330.0
5.0,6388886666666660.0,916668.0,5.0,703125.0
5.0,7500003333333330.0,9000020000000000.0,7.5,6.25
10.0,644444.0,7916679999999990.0,7.5,6041666666666660.0
5.0,7.75,875001.0,7.5,8125.0
5.0,8.0,833334.0,5625.0,78125.0
10.0,67083275.0,875001.0,5.0,7.5
5.0,8083335.0,1000002.0,6875.0,5625.0
5.0,7722223333333330.0,8500020000000000.0,7.5,5625.0
10.0,741666.0,1000002.0,6.25,5625.0
5.0,7.5,7416679999999990.0,5625.0,6041666666666660.0
5.0,8166665.0,950002.0,6875.0,5625.0
5.0,7041665.0,791667.0,7.5,5625.0
5.0,7.0,791667.0,7.5,71875.0
5.0,741666.0,1000002.0,7.5,5625.0
10.0,6124995.0,1000002.0,5625.0,71875.0
5.0,8.25,750001.0,5625.0,78125.0
5.0,67499975.0,791667.0,7.5,78125.0
5.0,866667.0,875001.0,8.75,84375.0
5.0,72083325.0,708333.0,7.5,765625.0
5.0,5833325.0,8500020000000000.0,7.5,5625.0
5.0,7416665.0,708333.0,7.5,8125.0
5.0,7777776666666660.0,8000020000000000.0,7.5,6041666666666660.0
10.0,8111113333333330.0,9000020000000000.0,7.5,6666666666666660.0
5.0,7499995.0,8500020000000000.0,5.0,5625.0
10.0,7277773333333330.0,9000020000000000.0,7.5,6041666666666660.0
5.0,67499975.0,708333.0,5.0,703125.0
5.0,7.5,950002.0,7.5,6.25
5.0,7499995.0,1000002.0,5625.0,5625.0
10.0,8.0,950002.0,5625.0,6458333333333330.0
5.0,7555556666666660.0,691668.0,6875.0,6041666666666660.0
10.0,78749975.0,833334.0,7.5,765625.0
5.0,7249995.0,9000020000000000.0,7.5,46875.0
10.0,7499995.0,950002.0,7.5,59375.0
5.0,7249995.0,1000002.0,7.5,5625.0
5.0,8833335.0,1000002.0,7.5,5625.0
10.0,733333.0,1000002.0,6875.0,5625.0
5.0,7999995.0,8500020000000000.0,6875.0,5625.0
5.0,374999.0,691668.0,7.5,4375.0
5.0,7666665.0,1000002.0,6.25,5625.0
10.0,6888883333333330.0,9000020000000000.0,7.5,6.25
10.0,741667.0,875001.0,5625.0,796875.0
5.0,5.75,7916679999999990.0,6875.0,46875.0
5.0,6111103333333330.0,950002.0,7.5,5625.0
5.0,6888886666666660.0,8000020000000000.0,7.5,5416666666666660.0
5.0,7166666666666660.0,950002.0,7.5,6041666666666660.0
5.0,7.5,8500020000000000.0,7.5,6458333333333330.0
5.0,7555556666666660.0,9000020000000000.0,4375.0,6.25
5.0,72916675.0,541666.0,5625.0,7.5
10.0,64583275.0,1000002.0,7.5,7.5
5.0,7416665.0,8000020000000000.0,6.25,5625.0
5.0,761111.0,8500020000000000.0,5.0,6.25
10.0,7499995.0,950002.0,5625.0,5625.0
10.0,6611106666666660.0,950002.0,7.5,6458333333333330.0
5.0,7.75,9000020000000000.0,5625.0,5625.0
5.0,7958335.0,875001.0,6875.0,7.5
5.0,833333.0,1000002.0,7.5,6.25
5.0,716666.0,8500020000000000.0,4375.0,5625.0
10.0,7416665.0,1000002.0,6.25,5625.0
10.0,7.5,8500020000000000.0,7.5,6041666666666660.0
5.0,758333.0,1000002.0,7.5,5625.0
5.0,7277776666666660.0,7416679999999990.0,7.5,6041666666666660.0
10.0,8083335.0,791667.0,5625.0,796875.0
5.0,7166666666666660.0,8000020000000000.0,7.5,6041666666666660.0
5.0,7916665.0,9000020000000000.0,7.5,5625.0
10.0,741666.0,8000020000000000.0,6.25,5625.0
5.0,6874995.0,875001.0,7.5,7.5
10.0,57083275.0,791667.0,4375.0,7.5
10.0,79166675.0,875001.0,7.5,78125.0
5.0,6611106666666660.0,8500020000000000.0,7.5,6458333333333330.0
5.0,7.5,8500020000000000.0,7.5,5833333333333330.0
5.0,7333333333333330.0,950002.0,7.5,6041666666666660.0
10.0,7791665.0,833334.0,6875.0,8125.0
10.0,7875.0,916668.0,7.5,6458333333333330.0
5.0,808333.0,950002.0,7.5,59375.0
5.0,695833.0,958335.0,7.5,7.5
5.0,59999925.0,958335.0,7.5,7.5
5.0,758333.0,8000020000000000.0,7.5,5625.0
10.0,6833329999999990.0,950002.0,7.5,4791666666666660.0
10.0,588888.0,8000020000000000.0,7.5,4166666666666660.0
5.0,6777776666666660.0,8500020000000000.0,7.5,6.25
5.0,7.75,1000002.0,7.5,5625.0
5.0,70416625.0,875001.0,5625.0,8125.0
10.0,7666666666666660.0,950002.0,6875.0,6666666666666660.0
5.0,72499975.0,875001.0,7.5,5833333333333330.0
10.0,6777776666666660.0,9000020000000000.0,7.5,6041666666666660.0
10.0,75833325.0,666666.0,5625.0,734375.0
5.0,59583275.0,833334.0,7.5,7.5
10.0,6888886666666660.0,8000020000000000.0,7.5,6458333333333330.0
10.0,683333.0,958335.0,7.5,703125.0
10.0,583333.0,666666.0,5.0,609375.0
5.0,608333.0,9000020000000000.0,7.5,4375.0
5.0,758333.0,950002.0,7.5,59375.0
10.0,654166.0,666666.0,7.5,6875.0
5.0,783333.0,9000020000000000.0,5.0,5625.0
5.0,516667.0,950002.0,5.0,46875.0
5.0,6666663333333330.0,950002.0,5625.0,6041666666666660.0
5.0,483333.0,958335.0,7.5,609375.0
5.0,7555556666666660.0,8000020000000000.0,7.5,6041666666666660.0
5.0,5333325.0,875001.0,7.5,703125.0
5.0,5833336666666660.0,8000020000000000.0,7.5,6458333333333330.0
5.0,7555553333333330.0,750002.0,7.5,6041666666666660.0
5.0,7333333333333330.0,8500020000000000.0,5625.0,6.25
5.0,5888886666666660.0,750002.0,7.5,5.0
5.0,5833336666666660.0,875001.0,7.5,6.25
5.0,5999993333333330.0,8500020000000000.0,7.5,5833333333333330.0
5.0,6499993333333330.0,9000020000000000.0,7.5,6458333333333330.0
5.0,8055556666666660.0,791667.0,7.5,828125.0
10.0,8055563333333330.0,1000002.0,7.5,6.25
10.0,8000005.0,916668.0,5625.0,796875.0
10.0,738889.0,8500020000000000.0,6875.0,6458333333333330.0
5.0,7444443333333330.0,6.75,7.5,6041666666666660.0
5.0,62916575.0,1000002.0,5.0,609375.0
5.0,7333333333333330.0,9000020000000000.0,7.5,6.25
5.0,788889.0,950002.0,4375.0,6041666666666660.0
5.0,655555.0,9000020000000000.0,6.25,5.0
5.0,783333.0,950002.0,7.5,53125.0
5.0,7055556666666660.0,8500020000000000.0,7.5,6.25
5.0,7499996666666660.0,9000020000000000.0,7.5,6458333333333330.0
10.0,7500005.0,9000020000000000.0,7.5,53125.0
5.0,716666.0,708333.0,6.25,71875.0
5.0,708333.0,8000020000000000.0,7.5,5625.0
10.0,51666625.0,833334.0,7.5,734375.0
10.0,7277776666666660.0,950002.0,7.5,6.25
10.0,6999995.0,950002.0,7.5,5.0
5.0,5999995.0,950002.0,5625.0,5.0
5.0,7333335.0,1000002.0,5.0,78125.0
5.0,94166775.0,833334.0,8.75,6458333333333330.0
10.0,8208337499999990.0,916668.0,6.25,828125.0
5.0,7416665.0,8500020000000000.0,7.5,3125.0
10.0,81250025.0,7.5,7.5,84375.0
5.0,491667.0,708333.0,7.5,5.0
5.0,708333.0,1000002.0,5.0,53125.0
5.0,8.25,9000020000000000.0,5.0,59375.0
5.0,6499995.0,875001.0,5625.0,640625.0
10.0,7888890000000000.0,1000002.0,7.5,6041666666666660.0
5.0,549999.0,791667.0,7.5,6875.0
5.0,7222219999999990.0,783334.0,7.5,5625.0
10.0,791666.0,950002.0,7.5,5625.0
5.0,72083375.0,833334.0,5625.0,671875.0
5.0,7.5,8500020000000000.0,7.5,5625.0
5.0,7249995.0,958335.0,7.5,703125.0
5.0,77916675.0,666667.0,7.5,828125.0
10.0,7555556666666660.0,8000020000000000.0,7.5,6458333333333330.0
5.0,7333333333333330.0,891668.0,7.5,5833333333333330.0
10.0,6944443333333330.0,641668.0,5.0,6.25
5.0,6833325.0,950002.0,7.5,5625.0
10.0,95000075.0,833334.0,5625.0,78125.0
5.0,7222223333333330.0,1000002.0,7.5,5833333333333330.0
5.0,7666666666666660.0,841668.0,7.5,6458333333333330.0
5.0,7333333333333330.0,8500020000000000.0,7.5,5833333333333330.0
10.0,7249995.0,8500020000000000.0,5.0,34375.0
5.0,7833335.0,9000020000000000.0,7.5,6.25
5.0,7722223333333330.0,750002.0,7.5,5833333333333330.0
5.0,47083275.0,541665.0,7.5,59375.0
10.0,6166655.0,791667.0,6875.0,734375.0
10.0,82916725.0,7.5,5.0,828125.0
5.0,7333333333333330.0,8000020000000000.0,7.5,6.25
5.0,8277776666666660.0,1000002.0,7.5,6041666666666660.0
5.0,758333.0,9000020000000000.0,7.5,5625.0
5.0,816667.0,8000020000000000.0,7.5,6.25
5.0,7777776666666660.0,1000002.0,6875.0,6041666666666660.0
10.0,7555556666666660.0,8500020000000000.0,7.5,5833333333333330.0
5.0,8222226666666660.0,9000020000000000.0,7.5,6458333333333330.0
5.0,8500005.0,950002.0,7.5,5625.0
10.0,7333325.0,950002.0,7.5,5625.0
5.0,7916665.0,750002.0,6875.0,5625.0
5.0,766666.0,891668.0,5625.0,5.0
10.0,72499975.0,666668.0,8.75,71875.0
5.0,7333333333333330.0,950002.0,7.5,6.25
5.0,8000003333333330.0,9000020000000000.0,5625.0,6458333333333330.0
5.0,883334.0,791667.0,6.25,890625.0
10.0,8500005.0,666666.0,7.5,6041666666666660.0
5.0,727778.0,708333.0,7.5,59375.0
10.0,7333335.0,7.5,7.5,8125.0
10.0,562499.0,666666.0,7.5,703125.0
5.0,7722223333333330.0,7416679999999990.0,6.25,6666666666666660.0
10.0,562499.0,875001.0,7.5,703125.0
5.0,70416625.0,7.5,7.5,6.25
10.0,7.5,708333.0,5625.0,8125.0
5.0,7166663333333330.0,9000020000000000.0,6875.0,6.25
5.0,78750025.0,833334.0,7.5,6458333333333330.0
10.0,6777773333333330.0,7083340000000000.0,5.0,734375.0
5.0,44166625.0,583332.0,7.5,734375.0
5.0,7944443333333330.0,9000020000000000.0,7.5,6666666666666660.0
10.0,733333.0,9000020000000000.0,5625.0,46875.0
5.0,7555556666666660.0,950002.0,7.5,6041666666666660.0
5.0,5916665.0,7.5,7.5,4583333333333330.0
10.0,7333325.0,9000020000000000.0,7.5,5625.0
5.0,60416625.0,791667.0,7.5,703125.0
10.0,7541665.0,916668.0,6.25,796875.0
5.0,6722216666666660.0,9000020000000000.0,7.5,4375.0
10.0,7166665.0,1000002.0,7.5,3125.0
5.0,7277776666666660.0,950002.0,7.5,5833333333333330.0
10.0,5583325.0,1000002.0,5625.0,671875.0
5.0,7.5,9000020000000000.0,7.5,6458333333333330.0
10.0,7416665.0,1000002.0,7.5,5625.0
5.0,7.5,9000020000000000.0,7.5,6666666666666660.0
10.0,7291665.0,916668.0,7.5,7.5
10.0,6583335.0,9000020000000000.0,7.5,3125.0
10.0,7666666666666660.0,9000020000000000.0,7.5,6666666666666660.0
5.0,583333.0,9000020000000000.0,7.5,4583333333333330.0
5.0,7055553333333330.0,8500020000000000.0,7.5,5625.0
5.0,80000025.0,958335.0,7.5,765625.0
10.0,7333325.0,1000002.0,7.5,5.0
10.0,741666.0,8000020000000000.0,5625.0,5625.0
5.0,8222223333333330.0,950002.0,7.5,5625.0
10.0,691666.0,950002.0,7.5,5625.0
5.0,6555553333333330.0,8500020000000000.0,5.0,5416666666666660.0
5.0,6624995.0,958335.0,7.5,71875.0
10.0,85000025.0,1000002.0,8.75,859375.0
5.0,7222219999999990.0,8500020000000000.0,7.5,6.25
5.0,7333333333333330.0,8000020000000000.0,7.5,5833333333333330.0
5.0,827778.0,950002.0,7.5,6041666666666660.0
5.0,7083320000000000.0,950002.0,7.5,53125.0
5.0,4999995.0,791667.0,7.5,546875.0
5.0,3944443333333330.0,950002.0,7.5,3958333333333330.0
5.0,641666.0,833334.0,7.5,71875.0
10.0,333334.0,875001.0,7.5,546875.0
10.0,6611103333333330.0,916668.0,7.5,71875.0
5.0,5055550000000000.0,683334.0,7.5,5.0
5.0,6000005.0,516666.0,7.5,4375.0
5.0,5833336666666660.0,958335.0,7.5,5625.0
5.0,7055556666666660.0,8500020000000000.0,5625.0,5833333333333330.0
5.0,6777770000000000.0,1000002.0,7.5,6041666666666660.0
5.0,6833333333333330.0,8500020000000000.0,7.5,6041666666666660.0
5.0,55833225.0,833334.0,6.25,6875.0
5.0,8333335.0,1000002.0,4375.0,5625.0
10.0,8.5,9000020000000000.0,7.5,6041666666666660.0
5.0,6833329999999990.0,9000020000000000.0,5625.0,6458333333333330.0
5.0,5083325.0,916668.0,7.5,6.25
5.0,7499996666666660.0,950002.0,7.5,6458333333333330.0
10.0,7.5,7916679999999990.0,7.5,6.25
5.0,7444443333333330.0,7416679999999990.0,6.25,6.25
5.0,908334.0,9000020000000000.0,7.5,5625.0
5.0,58333275.0,833334.0,5625.0,671875.0
5.0,59999925.0,791667.0,7.5,7.5
